{"results":[{"id":1,"challenge_id":1,"type":"static","content":"c650991c76f7afd8ce2459289ae86d9b4eada302","data":"case_insensitive"},{"id":2,"challenge_id":2,"type":"static","content":"6077a96dfbe3061c5a99c31603f169d1bad4d69d","data":"case_insensitive"},{"id":3,"challenge_id":3,"type":"static","content":"7447b907c3404bb681aef3270c587372c5c40bb0","data":"case_insensitive"},{"id":4,"challenge_id":4,"type":"static","content":"9888884229222e71add186109df8cfb4025076ec","data":"case_insensitive"},{"id":5,"challenge_id":5,"type":"static","content":"8c5c53fe5e0772aa39537c0beff753715342c4b7","data":"case_insensitive"},{"id":6,"challenge_id":6,"type":"static","content":"c41596f822493e6c7616d6887ec60df20041567a","data":"case_insensitive"},{"id":7,"challenge_id":7,"type":"static","content":"b58df2b3cc8a44c2cce2345936be939d73c8f92e","data":"case_insensitive"},{"id":8,"challenge_id":8,"type":"static","content":"fce44f02cee0511239a68c2ece7a47e10ecfed0e","data":"case_insensitive"},{"id":9,"challenge_id":9,"type":"static","content":"2ecf9ffa89aa5e0a7e6a9f815383c53bad36cfb6","data":"case_insensitive"},{"id":10,"challenge_id":10,"type":"static","content":"125569cdece65332a80c06e0c3c742797333743e","data":"case_insensitive"},{"id":11,"challenge_id":11,"type":"static","content":"5e57911953326e39c82b49321482f5c1945173ea","data":"case_insensitive"},{"id":12,"challenge_id":12,"type":"static","content":"7da524cdb4f591f8298108d4e78fd8bb3e72b2cd","data":"case_insensitive"},{"id":13,"challenge_id":13,"type":"static","content":"db6efa463a28ef83c074f99fe1cc5c223217391b","data":"case_insensitive"},{"id":14,"challenge_id":14,"type":"static","content":"af27e51f331a9940e058a3e761dd79701abddafa","data":"case_insensitive"},{"id":15,"challenge_id":15,"type":"static","content":"458b9ef793dc4460c74f53d317b76eba59ce0174","data":"case_insensitive"},{"id":16,"challenge_id":16,"type":"static","content":"b678700715f93745489cc1c814db96f7f83093e1","data":"case_insensitive"},{"id":17,"challenge_id":17,"type":"static","content":"3cc8ec21759b4b4f24c6480e83d11f2d2d0e308b","data":"case_insensitive"},{"id":18,"challenge_id":18,"type":"static","content":"81c878d600ea90d8ff3c087c510f9e454bbf9af0","data":"case_insensitive"},{"id":19,"challenge_id":19,"type":"static","content":"5a727a17648e2d54c4089402fcc5ff4cdc3ff2bf","data":"case_insensitive"},{"id":20,"challenge_id":20,"type":"static","content":"b2645a86825288a47912f13e5689c8166dd4756b","data":"case_insensitive"},{"id":21,"challenge_id":21,"type":"static","content":"7061868cce75b802d853725d9a63a083c60572d7","data":"case_insensitive"},{"id":22,"challenge_id":22,"type":"static","content":"8a8824d186754885b97abd574ec2891b165e814d","data":"case_insensitive"},{"id":23,"challenge_id":23,"type":"static","content":"70ba7f3f90857971a9f11a1bfe0a6161c3f009f0","data":"case_insensitive"},{"id":24,"challenge_id":24,"type":"static","content":"ed008cefb6118ab9d929c819419cb39cd0bdbfac","data":"case_insensitive"},{"id":25,"challenge_id":25,"type":"static","content":"f40af0ddf73fd533145d650f95ef8e66d42ee7b0","data":"case_insensitive"},{"id":26,"challenge_id":26,"type":"static","content":"61252e36a514d7f773cefa96e7b8499ac21d16ec","data":"case_insensitive"},{"id":27,"challenge_id":27,"type":"static","content":"ad461e542f7a1fdbf5f9acb3fef4371dc8adec5c","data":"case_insensitive"},{"id":28,"challenge_id":28,"type":"static","content":"b216e06cf93f9762b0b932e7172603dfd2d9a4a1","data":"case_insensitive"},{"id":29,"challenge_id":29,"type":"static","content":"fcf6a79d70fad0258406d43f1aa965c63b8f969d","data":"case_insensitive"},{"id":30,"challenge_id":30,"type":"static","content":"cc5b4fae96d986423d28954c66cc67764491886f","data":"case_insensitive"},{"id":31,"challenge_id":31,"type":"static","content":"070ecb28717e62a2dde9d01fe98999dd18f20468","data":"case_insensitive"},{"id":32,"challenge_id":32,"type":"static","content":"c8a9f0809d61244f587fc7247802260751661566","data":"case_insensitive"},{"id":33,"challenge_id":33,"type":"static","content":"beeaa1d1493532dd5a74fb045bb90276fdba6d39","data":"case_insensitive"},{"id":34,"challenge_id":34,"type":"static","content":"9b672e8c3cc91febf7a1ca58dbb828289d473b64","data":"case_insensitive"},{"id":35,"challenge_id":35,"type":"static","content":"c29ac131244c9c0ed1c819f64ebb9426094b3b5f","data":"case_insensitive"},{"id":36,"challenge_id":36,"type":"static","content":"12d5bb87cd153f7b0d16cdca91652768a5af79a0","data":"case_insensitive"},{"id":37,"challenge_id":37,"type":"static","content":"cf2dc966a0d4b976fa5a5e7894f07e8d589aeb59","data":"case_insensitive"},{"id":38,"challenge_id":38,"type":"static","content":"79d7cca7645bda7ab2cc21b18fe9d394972ab108","data":"case_insensitive"},{"id":39,"challenge_id":39,"type":"static","content":"b5de91628c181a19382c47935ae2521694c03c16","data":"case_insensitive"},{"id":40,"challenge_id":40,"type":"static","content":"65747bb6c0f5684f1dc59ad31a41902f89a09bf8","data":"case_insensitive"},{"id":41,"challenge_id":41,"type":"static","content":"6c101e0cc325ec62b9bdc2f3f3ea3cd42c80de6a","data":"case_insensitive"},{"id":42,"challenge_id":42,"type":"static","content":"f118a9ccd3bd8075f66d106de2125ea5b212b8ca","data":"case_insensitive"},{"id":43,"challenge_id":43,"type":"static","content":"6b55dcb120e3b256e0d6c14a479a72977596dd75","data":"case_insensitive"},{"id":44,"challenge_id":44,"type":"static","content":"8736b89cd2eeaf00422815d32285c84c48f27035","data":"case_insensitive"},{"id":45,"challenge_id":45,"type":"static","content":"0ccf585272678795457e2406af2abeb9c1d6fca4","data":"case_insensitive"},{"id":46,"challenge_id":46,"type":"static","content":"018bc30b82351a505d52251864943fb3c3289e7c","data":"case_insensitive"},{"id":47,"challenge_id":47,"type":"static","content":"a0558e87dfa8d6f942272658e4745ec7cb04c000","data":"case_insensitive"},{"id":48,"challenge_id":48,"type":"static","content":"95a8faa40b1a2868d588e1b6956904e7a110de92","data":"case_insensitive"},{"id":49,"challenge_id":49,"type":"static","content":"21d16b30c93786cc8bf2d5daa7829c8b971c0fd4","data":"case_insensitive"},{"id":50,"challenge_id":50,"type":"static","content":"ca882a0d1356d37d26080e49071363edbbeef14c","data":"case_insensitive"},{"id":51,"challenge_id":51,"type":"static","content":"3f7dad4c9b75b6818a21633b3ff054250a3789da","data":"case_insensitive"},{"id":52,"challenge_id":52,"type":"static","content":"54eabec4928b1fa4b6c1559bb28b0c995a299fff","data":"case_insensitive"},{"id":53,"challenge_id":53,"type":"static","content":"d5cbaade284f9c5c961b5a8f864b8fab431d4fc3","data":"case_insensitive"},{"id":54,"challenge_id":54,"type":"static","content":"be0e7a4517be555242fa83fad184ff556a13fb40","data":"case_insensitive"},{"id":55,"challenge_id":55,"type":"static","content":"85aa1c508fa0832de10fae4eddbb1b8f2d4e04c0","data":"case_insensitive"},{"id":56,"challenge_id":56,"type":"static","content":"0ae8077542593f82282ed0beee1de6d80cb7b893","data":"case_insensitive"},{"id":57,"challenge_id":57,"type":"static","content":"80f15cbcf60fdd72b6c4a5a0074e22a2b9a87114","data":"case_insensitive"},{"id":58,"challenge_id":58,"type":"static","content":"0b0928f5b1de1377f510b2bc8c67a5c540b415a2","data":"case_insensitive"},{"id":59,"challenge_id":59,"type":"static","content":"7646a29bef6bb8655f2af7736ec11771f2d28aba","data":"case_insensitive"},{"id":60,"challenge_id":60,"type":"static","content":"73079c734cb117f5fab4d4651c90e536b6b882d2","data":"case_insensitive"},{"id":61,"challenge_id":61,"type":"static","content":"d3559f0e348ea4d6b996487ccf8dd36215bae5a8","data":"case_insensitive"},{"id":62,"challenge_id":62,"type":"static","content":"398351fea28a93d14ec7aa404f1df101fe988fc3","data":"case_insensitive"},{"id":63,"challenge_id":63,"type":"static","content":"8b97ebd37153194c3bf87ce0201b9b3a835f2689","data":"case_insensitive"},{"id":64,"challenge_id":64,"type":"static","content":"10f246fcd009c0da01217237b9a7bf8f60d8d2e4","data":"case_insensitive"},{"id":65,"challenge_id":65,"type":"static","content":"a1d359c6573792d51414609ed421ccd140b9dcb8","data":"case_insensitive"},{"id":66,"challenge_id":66,"type":"static","content":"c556ecb62fccbe92c1fa995173ee6af1fb036fe5","data":"case_insensitive"},{"id":67,"challenge_id":67,"type":"static","content":"b4bf08bcae2e6a2fcdcc2c487e9b18828127b7e8","data":"case_insensitive"},{"id":68,"challenge_id":68,"type":"static","content":"bd07a4e73008348ce05e50b327b6b92d8e91d94e","data":"case_insensitive"},{"id":69,"challenge_id":69,"type":"static","content":"ecfb25e0650db7b5d4d2644a67979e53b6588063","data":"case_insensitive"},{"id":70,"challenge_id":70,"type":"static","content":"e71d93107808b18f6ee8819b08d8c89fd59e3075","data":"case_insensitive"},{"id":71,"challenge_id":71,"type":"static","content":"fb04e2f859baae3d2a4cfbb8d006e4614f7d9e14","data":"case_insensitive"},{"id":72,"challenge_id":72,"type":"static","content":"009f58f39aa845cff4a30b2825fb540ffd0df742","data":"case_insensitive"},{"id":73,"challenge_id":73,"type":"static","content":"0a451b66b8971e71bbabee54691d07a565a64b8b","data":"case_insensitive"},{"id":74,"challenge_id":74,"type":"static","content":"9256f6e31addbe404912603733ef66a51d26969c","data":"case_insensitive"},{"id":75,"challenge_id":75,"type":"static","content":"ae4afcbcfe43f625d2f6dbd39e77eaefae0f051a","data":"case_insensitive"},{"id":76,"challenge_id":76,"type":"static","content":"93adadc6c90b48b26e345c8a48d4555be4269098","data":"case_insensitive"},{"id":77,"challenge_id":77,"type":"static","content":"b3cd85135be20ebf8ea844fd5de3e364076e2bca","data":"case_insensitive"},{"id":78,"challenge_id":78,"type":"static","content":"0ba2ba62379efcbe920d100e82bffe5a632a3c04","data":"case_insensitive"},{"id":79,"challenge_id":79,"type":"static","content":"56ab6f523052db99a6abf49464aba73e2a204f12","data":"case_insensitive"},{"id":80,"challenge_id":80,"type":"static","content":"f6f96e145b05afb65631d1542f75cdb8742106d3","data":"case_insensitive"},{"id":81,"challenge_id":81,"type":"static","content":"1e4955cdddbae94ad17c2020ea1acebc9fbaf5bf","data":"case_insensitive"},{"id":82,"challenge_id":82,"type":"static","content":"f4865cbcddd36a813b74b441eb620e7428942546","data":"case_insensitive"},{"id":83,"challenge_id":83,"type":"static","content":"ff30d1d92ab77df86e4c118a2b0e33fc8b0632e8","data":"case_insensitive"},{"id":84,"challenge_id":84,"type":"static","content":"a7130c6994d92f4168697320b3179ec2dabbf6ae","data":"case_insensitive"},{"id":85,"challenge_id":85,"type":"static","content":"cc03d1fce7b4ad245c3695e589eb0ebc131eb9e8","data":"case_insensitive"},{"id":86,"challenge_id":86,"type":"static","content":"132589b7f37b1ea05e2a76af90039520ee9ebd24","data":"case_insensitive"},{"id":87,"challenge_id":87,"type":"static","content":"997415d92e9fbd67fe7103855f9adbe42c333dad","data":"case_insensitive"},{"id":88,"challenge_id":88,"type":"static","content":"24c79a3e2c04827426eecccef22ec44714152762","data":"case_insensitive"},{"id":89,"challenge_id":89,"type":"static","content":"2aeb0250517a4509c49fe86b116ce6822ca237ac","data":"case_insensitive"},{"id":90,"challenge_id":90,"type":"static","content":"50e2ec93ae42161011f90f9a23985d3c52aea8fc","data":"case_insensitive"},{"id":91,"challenge_id":91,"type":"static","content":"fcb90576ad2fe46ac1586e2ae8c524ca6086d7bf","data":"case_insensitive"},{"id":92,"challenge_id":92,"type":"static","content":"c89c200f5aa13a015800712cd6080a9471b99e14","data":"case_insensitive"},{"id":93,"challenge_id":93,"type":"static","content":"c07c516476ae13131cf33339ac7ec2b405330809","data":"case_insensitive"},{"id":94,"challenge_id":94,"type":"static","content":"bfd1576f307ccb8647b616a23cefc97bfb696a76","data":"case_insensitive"},{"id":95,"challenge_id":95,"type":"static","content":"760fcad7c06262d1055ca1be6ee5a409c828239c","data":"case_insensitive"},{"id":96,"challenge_id":96,"type":"static","content":"09d4e07ef5bb24d8a4156d3da6c537725ca0be82","data":"case_insensitive"},{"id":97,"challenge_id":97,"type":"static","content":"b24b9ca4a06a7e3e795b39c5c13b75bedc0e5755","data":"case_insensitive"},{"id":98,"challenge_id":98,"type":"static","content":"8c7e995b11904b5e43662ebb534749210d9a7e0e","data":"case_insensitive"},{"id":99,"challenge_id":99,"type":"static","content":"1e10ae12b6467334b937846339132379dcc9496e","data":"case_insensitive"},{"id":100,"challenge_id":100,"type":"static","content":"0376a0d623c37ade2b120b3f12f8bf7c90215e9e","data":"case_insensitive"},{"id":101,"challenge_id":101,"type":"static","content":"foo","data":"case_insensitive"},{"id":102,"challenge_id":102,"type":"static","content":"bar","data":"case_insensitive"}]}