{"count":1,"results":[{"id":1,"title":"Index","route":"index","content":"<div class=\"row\" style=\"background-image:url('//c1.sfdcstatic.com/content/dam/web/en_us/events-master/trailheadx-2019/illustrated-footer.png');\">\r\n    <div class=\"col-md-6 offset-md-3\" style=\"color:#032e61;\">\r\n        <img class=\"w-100 mx-auto d-block\" style=\"max-width: 300px;padding: 50px;padding-top: 14vh;\" src=\"https://c1.sfdcstatic.com/content/dam/web/en_us/www/images/home/logo-salesforce.svg\" />\r\n        <h3 class=\"text-center\">\r\n            <p>Welcome to Salesforce Security Capture the Flag!</p>\r\n            <p>Registration is currently open.</p><br><br><br><br><br><br><br><br><br><br><br><br><br>\r\n        </h3>\r\n        <br>\r\n    </div>\r\n</div>\r\n","draft":0,"hidden":0,"auth_required":0}],"meta":{}}