{"count":1,"results":[{"id":1,"title":"Index","route":"index","content":"<div class=\"row\" style=\"background-image:url('https://images.contentstack.io/v3/assets/blt36c2e63521272fdc/bltcdbee2cd5546c950/609d8adf87e6314bbe7a9e9d/2340x500_SSA_Summit_Callout2.jpg');\">\r\n    <div class=\"col-md-6 offset-md-3\" style=\"color:#f7fbffec;\">\r\n        <h3 class=\"text-center\">\r\n            <p>Welcome to SANS Demo Capture the Flag!</p>\r\n            <p>Registration is currently open.</p><br><br><br><br><br><br><br><br><br><br><br><br><br>\r\n        </h3>\r\n        <br>\r\n    </div>\r\n</div>","draft":0,"hidden":0,"auth_required":0}],"meta":{}}