{"count":2,"results":[{"id":1,"oauth_id":null,"name":"admin","password":"$bcrypt-sha256$2b,12$/WQHz9OATAPuvGOjOwhLdO$hlpSurw0mxztw0jKPg1buf5l2fWerl2","email":"jkuemerle@salesforce.com","type":"admin","secret":null,"website":null,"affiliation":null,"country":null,"bracket":null,"hidden":1,"banned":0,"verified":0,"team_id":null,"created":"2019-05-21T08:12:53"},{"id":2,"oauth_id":null,"name":"jk","password":"$bcrypt-sha256$2b,12$6.SaNxA3OP2.6ek/4g2Y8u$bIsYVdCwiw63KBwIxQVspdPFA.cYCD6","email":"jkuemerle@gmail.com","type":"user","secret":null,"website":null,"affiliation":null,"country":null,"bracket":null,"hidden":0,"banned":0,"verified":0,"team_id":null,"created":"2019-05-21T08:12:53"}],"meta":{}}