{"results":[{"id":1,"challenge_id":1,"type":"static","content":"074a9875405e0a0866702fab22e2af5ed5d1b8b8","data":null},{"id":2,"challenge_id":2,"type":"static","content":"c0c6efe8cc4cdc5d7afb9b17d8622d3fd2d142c2","data":null},{"id":3,"challenge_id":3,"type":"static","content":"b5854e22eeabd8727afa13bd435143b1610c8cf5","data":null},{"id":4,"challenge_id":4,"type":"static","content":"11b1e19904eee2bf0044fe664cca84af10eb4aea","data":null},{"id":5,"challenge_id":5,"type":"static","content":"7dbace0e1877cb3d6488a5d07f1cdd328e2a6570","data":null},{"id":6,"challenge_id":6,"type":"static","content":"174f57084bbb620945a6ae6b85db9b9ac69a0ba2","data":null},{"id":7,"challenge_id":7,"type":"static","content":"f2d77599707b71faf31ecc9feb70c4f231997f6e","data":null},{"id":8,"challenge_id":8,"type":"static","content":"332bf095c85159a1d549a3744b0a5ec08e360ca0","data":null},{"id":9,"challenge_id":9,"type":"static","content":"e4243fd6b8d34d2c7910abd12238f637b512f00d","data":null},{"id":10,"challenge_id":10,"type":"static","content":"f85287dd4179b3a9a2511623810fe06654e03dbc","data":null},{"id":11,"challenge_id":11,"type":"static","content":"9a8497d68e6dd0486b1158bbc8eb49c0013ff12b","data":null},{"id":12,"challenge_id":12,"type":"static","content":"85ab1ed954d693899721b4ed26779ca09dd6904a","data":null},{"id":13,"challenge_id":13,"type":"static","content":"3b62c9b66f47bf917d58383c662fa71938d4a805","data":null},{"id":14,"challenge_id":14,"type":"static","content":"3371706528769df071a5e1395aee183391f0f32b","data":null},{"id":15,"challenge_id":15,"type":"static","content":"33c41ffa5b7ad8169c61c728183a3d15e330c822","data":null},{"id":16,"challenge_id":16,"type":"static","content":"2d46b6c56985bfec422e9411365d1e109966a12a","data":null},{"id":17,"challenge_id":17,"type":"static","content":"6d6fd830d0566bca67dadef22fe40b3c9dcb7614","data":null},{"id":18,"challenge_id":18,"type":"static","content":"d4094835da8e22715b615740043de8e462580056","data":null},{"id":19,"challenge_id":19,"type":"static","content":"9d06937788905bebf7984b471479059c3fadc751","data":null},{"id":20,"challenge_id":20,"type":"static","content":"d5d580fa9306a26924694b28587dec337e11dfd3","data":null},{"id":21,"challenge_id":21,"type":"static","content":"0c99f2f0eef4253c4bd6b3772af91cdd5cf159c7","data":null},{"id":22,"challenge_id":22,"type":"static","content":"d6008ba7622de2f0e75808ba2a6e3ff948055da3","data":null},{"id":23,"challenge_id":23,"type":"static","content":"d3fb5915d06bc87488a0473a0776ff2ed3e5b0c1","data":null},{"id":24,"challenge_id":24,"type":"static","content":"afe2f34ef7fcd2cf37463b85fa88c3622381c1da","data":null},{"id":25,"challenge_id":25,"type":"static","content":"35f67ac11a228dcf033f3a82bb7d048425726e17","data":null},{"id":26,"challenge_id":26,"type":"static","content":"04e74982347c7abd812d6df0185bd801315148e3","data":null},{"id":27,"challenge_id":27,"type":"static","content":"67e3fe44e29b41de379ff212a5a1adcb95276903","data":null},{"id":28,"challenge_id":28,"type":"static","content":"3bf5e6d476c5b80e90c427b68b4d91bdc745385c","data":null},{"id":29,"challenge_id":29,"type":"static","content":"52c30a14a233e4ddb5a45b9e2737ed49682a8c3f","data":null},{"id":30,"challenge_id":30,"type":"static","content":"758b4de72f37bb82d5b327f5fc4b617abecd3476","data":null},{"id":31,"challenge_id":31,"type":"static","content":"b22ae0ab870318a1eea623da7d68ad10ce4278bb","data":null},{"id":32,"challenge_id":32,"type":"static","content":"db6ba8f225072adf123c862f7c1957d4e18d45f2","data":null},{"id":33,"challenge_id":33,"type":"static","content":"4fec91f68dadcf2b5590f48cce0b6b508b1b6318","data":null},{"id":34,"challenge_id":34,"type":"static","content":"913d225ab9a660873cbafbf803788fccac620929","data":null},{"id":35,"challenge_id":35,"type":"static","content":"495bca5e22ba9e8b42cb20be90ae2545cc270f78","data":null},{"id":36,"challenge_id":36,"type":"static","content":"51e6dfae2eafedcbbc5b8f54b34bb92fc27e4cbf","data":null},{"id":37,"challenge_id":37,"type":"static","content":"9bbc2dc7fc7d3283cb1fd6ca7b4161cdba1e2332","data":null},{"id":38,"challenge_id":38,"type":"static","content":"e33e0da00aeff7c7cda28b93f64d9a3ec2182f00","data":null},{"id":39,"challenge_id":39,"type":"static","content":"d46f637e667fda404449a69d5601364858cf7ae4","data":null},{"id":40,"challenge_id":40,"type":"static","content":"c5ff96fb4b3f064b0af0278ff389a670002276ce","data":null},{"id":41,"challenge_id":41,"type":"static","content":"eb2b4b958614ae76fa20373c0aec02b94ea838ec","data":null},{"id":42,"challenge_id":42,"type":"static","content":"522f38debe8a82d1c398bf0a8a9a387d8b375e20","data":null},{"id":43,"challenge_id":43,"type":"static","content":"5702d104eb03ccdd087d1f227c53e68ae17b72ef","data":null},{"id":44,"challenge_id":44,"type":"static","content":"69d2102b004cfbf70597d627635ffdbce9923a8d","data":null},{"id":45,"challenge_id":45,"type":"static","content":"d066cc9c655ac02f78746bd287aef2c24303bd57","data":null},{"id":46,"challenge_id":46,"type":"static","content":"5491dfdee0fe29bae64a5ff07f4c505332fbe821","data":null},{"id":47,"challenge_id":47,"type":"static","content":"9ddaa37e257717fccf9ddd15b16ff49fd593c285","data":null},{"id":48,"challenge_id":48,"type":"static","content":"d6ab6f9333976550e25ba75d5c7e3d58a90a7f30","data":null},{"id":49,"challenge_id":49,"type":"static","content":"325d803d0c7c7b7e57b079f29b325d54ce171930","data":null},{"id":50,"challenge_id":50,"type":"static","content":"e8608ecb9ad099bfbe4dffe327bf3878b1ae3a63","data":null},{"id":51,"challenge_id":51,"type":"static","content":"3e0420d99b91befadff0d4ed1aef2b3b848bc4d6","data":null},{"id":52,"challenge_id":52,"type":"static","content":"f4a139ffb7a09bdccebcd38cb718e1db067fda88","data":null},{"id":53,"challenge_id":53,"type":"static","content":"4deb99d1f44eef0c5c5a5fb86f4eff86770db272","data":null},{"id":54,"challenge_id":54,"type":"static","content":"8d587f641961bf93dc19af65194a955685c3b376","data":null},{"id":55,"challenge_id":55,"type":"static","content":"6b5b3368725ac489cdca37114e01c4eba27565b6","data":null},{"id":56,"challenge_id":56,"type":"static","content":"b886b15406350a2518565532036f070a619970e0","data":null},{"id":57,"challenge_id":57,"type":"static","content":"994a28272cd1f10f20662b782cbd50f32353fd6b","data":null},{"id":58,"challenge_id":58,"type":"static","content":"8ced6fe58657d022b13e57f2ff60d7a1fd384172","data":null},{"id":59,"challenge_id":59,"type":"static","content":"fa6c8ae7dae45687753d961ba3ad7d1e84be159f","data":null},{"id":60,"challenge_id":60,"type":"static","content":"9e578a1bb3560f2806fa5477aa82931def492627","data":null},{"id":61,"challenge_id":61,"type":"static","content":"bce6afda30f665eb55d8130e6c4974fd892837f0","data":null},{"id":62,"challenge_id":62,"type":"static","content":"16f4c5279f177ed30a2662ed4970d891530d38e6","data":null},{"id":63,"challenge_id":63,"type":"static","content":"b13072b84b49d12ca1dae2ecaec3a1d16c08008f","data":null},{"id":64,"challenge_id":64,"type":"static","content":"51000f49cdd49cffd7af1544bf84953034fec628","data":null},{"id":65,"challenge_id":65,"type":"static","content":"cffda50483f084211993ae960f3550c8e8220e56","data":null},{"id":66,"challenge_id":66,"type":"static","content":"c478e9f45a5e9b61bc09f70b1dc0afa8fab79e6d","data":null},{"id":67,"challenge_id":67,"type":"static","content":"5ee2ca2a758980cc2a752e14af0e3c12946bb050","data":null},{"id":68,"challenge_id":68,"type":"static","content":"cd6052c443a1248013783eae3ec46394a0f0c96b","data":null},{"id":69,"challenge_id":69,"type":"static","content":"e6987b034806f81d607f6e06dce7b18b1c0340e7","data":null},{"id":70,"challenge_id":70,"type":"static","content":"db89ee4b06a994a6db12653f2f4deaf4fbaa2326","data":null},{"id":71,"challenge_id":71,"type":"static","content":"1a8ecb17b9b20d714e8f09f7ebeb5ed8cc7bf799","data":null},{"id":72,"challenge_id":72,"type":"static","content":"4eb3bfa1fa7486e0b0862b5a573820c7c00e2628","data":null},{"id":73,"challenge_id":73,"type":"static","content":"2bfcd14ae83589c3ed47dda1ec4b3a5081afba20","data":null},{"id":74,"challenge_id":74,"type":"static","content":"d02cf82e367be5b07c137d715d614b16e239956a","data":null},{"id":75,"challenge_id":75,"type":"static","content":"345546b41e9638ba1c558fd986195ed00c298ecc","data":null},{"id":76,"challenge_id":76,"type":"static","content":"3fb4af8267af10c9ce253c6af5ccc0f247c0690b","data":null},{"id":77,"challenge_id":77,"type":"static","content":"13f98437f21ae95ba764b826013dd6d52b2c6b65","data":null},{"id":78,"challenge_id":78,"type":"static","content":"d9fa032d9a75818e5805e1e1e34aaced5e9bf652","data":null},{"id":79,"challenge_id":79,"type":"static","content":"8f2d2092298dc3d49f6858ec1d73cdea3238c128","data":null},{"id":80,"challenge_id":80,"type":"static","content":"0b81eab920f82e51e68a3d91199f795d064a471a","data":null},{"id":81,"challenge_id":81,"type":"static","content":"5892b807a17c255d0d41e93128b4aea89338fbe3","data":null},{"id":82,"challenge_id":82,"type":"static","content":"ca3e5926d87fc3f119e1a9302f541b42b4e88b19","data":null},{"id":83,"challenge_id":83,"type":"static","content":"c4b19a4eeae582301a19413c3b13a9e5c322409f","data":null},{"id":84,"challenge_id":84,"type":"static","content":"b5b507f929c33070284975c0266e51c71b54dcc2","data":null},{"id":85,"challenge_id":85,"type":"static","content":"99ecb6c5af0ac1caf0e854f4de0511772281c4a0","data":null},{"id":86,"challenge_id":86,"type":"static","content":"dad8e133f55df9032149740587eab085b5b03c78","data":null},{"id":87,"challenge_id":87,"type":"static","content":"bfbc582993a70ce59b7298171e84ebd8e61bfa5a","data":null},{"id":88,"challenge_id":88,"type":"static","content":"b70fc34448252dd46e958d56b279ac1d1e08aac4","data":null},{"id":89,"challenge_id":89,"type":"static","content":"1ac871e5048a25ade9f328135b8e70471ca7d347","data":null},{"id":90,"challenge_id":90,"type":"static","content":"a845bb09c891795d34d799f7a3e7ebfe4cb21ec2","data":null},{"id":91,"challenge_id":91,"type":"static","content":"2cf8085560384fd902d4e49c0dd393bf0f2233bb","data":null},{"id":92,"challenge_id":92,"type":"static","content":"ae52a2d6ceaba51dac00d448464f4c549f44b53f","data":null},{"id":93,"challenge_id":93,"type":"static","content":"1b88f8c91c86ebf40166a29280b211c6dcd0584d","data":null},{"id":94,"challenge_id":94,"type":"static","content":"697c432294cc3219e8beba77b113bc2b6518492b","data":null},{"id":95,"challenge_id":95,"type":"static","content":"97f58a56411ea2b7ce3e0cc7ce7d1c34b1d14d33","data":null},{"id":96,"challenge_id":96,"type":"static","content":"56238f1f462711839db2b80dd62773efd35e2add","data":null},{"id":97,"challenge_id":97,"type":"static","content":"7b24d83047a041f04d1e74f5c8b40a2e1ec26ad4","data":null},{"id":98,"challenge_id":98,"type":"static","content":"29ecce3ea738be7b8cb215b0c239aece25fcd37d","data":null},{"id":99,"challenge_id":99,"type":"static","content":"2c812bee7ce7f6a60eaf1e858b27196b3bee4cb4","data":null},{"id":100,"challenge_id":100,"type":"static","content":"2e6d9f504554e436aa56a701c7636448fb357c1f","data":null}]}